{
  "multipart": [
    {
      "when": {
        "age": "0",
        "leaves": "none|small"
      },
      "apply": [
        {
          "model": "block/bamboo1_age0"
        },
        {
          "model": "block/bamboo2_age0"
        },
        {
          "model": "block/bamboo3_age0"
        },
        {
          "model": "block/bamboo4_age0"
        }
      ]
    },
    {
      "when": {
        "age": "1",
        "leaves": "none|small"
      },
      "apply": [
        {
          "model": "block/bamboo1_age1"
        },
        {
          "model": "block/bamboo2_age1"
        },
        {
          "model": "block/bamboo3_age1"
        },
        {
          "model": "block/bamboo4_age1"
        }
      ]
    },
    {
      "when": {
        "leaves": "large"
      },
      "apply": [
	  { "model": "block/bamboo_large_leaves" }
	  ]
    }
  ]
}