{
	"texture_size": [64, 64],
	"textures": {
		"0": "block/brick_stairs",
		"particle": "block/bricks"
	},
	"elements": [
		{
			"from": [0, 0, 0],
			"to": [16, 8, 16],
			"faces": {
				"north": {"uv": [6.5, 2, 10.5, 4], "texture": "#0", "cullface": "north"},
				"west": {"uv": [8, 10, 12, 12], "texture": "#0", "cullface": "west"}
			}
		},
		{
			"from": [0, 8, 0],
			"to": [16, 8, 8],
			"faces": {
				"up": {"uv": [0.25, 2, 4.25, 0], "rotation": 180, "texture": "#0"}
			}
		},
		{
			"from": [0, 8, 8],
			"to": [16, 16, 16],
			"faces": {
				"north": {"uv": [6.5, 2, 10.5, 4], "texture": "#0"},
				"west": {"uv": [10, 8, 12, 10], "texture": "#0", "cullface": "west"},
				"up": {"uv": [0.25, 2, 4.25, 0], "rotation": 180, "texture": "#0", "cullface": "up"}
			}
		},
		{
			"from": [8, 8, 0],
			"to": [16, 16, 8],
			"faces": {
				"north": {"uv": [12, 4, 14, 6], "texture": "#0", "cullface": "north"},
				"west": {"uv": [7.5, 2, 9.5, 4], "texture": "#0"},
				"up": {"uv": [1, 0, 3, 2], "rotation": 270, "texture": "#0", "cullface": "up"}
			}
		}
	]
}